 New Road Name, Old Road Name, Notes
Walter Hill Drive, Boundary Road, running parallel to Mt Coot-tha Road
Dr Lillian Cooper Drive, Boundary Road, running parallel to Richer Street
Pride of Erin Drive, Boundary Road, running parallel to Birdwood Terrace
Francis Forde Avenue, Boundary Road, running parallel to Birdwood Terrace closest to Frederick Street
Peter Jackson Parade, Boundary Road, running parallel to Frederick Street furthest from the main entrance
Soldiers Parade, Boundary Road, running parallel to Frederick Street closest to the main entrance
Steele Rudd Avenue, 4th Avenue,
Walter Ralstone Avenue, 7th Avenue, 
Emma Miller Avenue, 8th Avenue, behind Canon Garland Place
Charles Heaphy Drive, 8th Avenue, from the Shelter Shed to Emma Miller Avenue
Pat Hill Drive, 8th Avenue, from the Richer Street end to the Shelter Shed
O'Doherty Avenue, 11th Avenue, 
Elizabeth Dale Walk, 12th Avenue, 
Garland Avenue, 13th Avenue, 
William Browne Avenue, 14th Avenue, 
Federation Avenue, 15th Avenue, 
