{
    "profile": "tabular-data-package",
    "resources": [
        {
            "profile": "tabular-data-resource",
            "encoding": "utf-8",
            "schema": {
                "fields": [
                    {
                        "name": "Id",
                        "trueValues": [
                            "true",
                            "True",
                            "TRUE",
                            "1"
                        ],
                        "falseValues": [
                            "false",
                            "False",
                            "FALSE",
                            "0"
                        ],
                        "decimalChar": ".",
                        "groupChar": "",
                        "bareNumber": true,
                        "type": "integer",
                        "format": "default",
                        "title": "Id",
                        "description": "An unique identifier for the road",
                        "constraints": {
                            "required": true,
                            "unique": true
                        }
                    },
                    {
                        "name": "New Road Name",
                        "type": "string",
                        "format": "default",
                        "trueValues": [
                            "true",
                            "True",
                            "TRUE",
                            "1"
                        ],
                        "falseValues": [
                            "false",
                            "False",
                            "FALSE",
                            "0"
                        ],
                        "decimalChar": ".",
                        "groupChar": "",
                        "bareNumber": true,
                        "title": "New Road Name",
                        "description": "The new name of the road. If the road name didn't change, it is the same as the old name. ",
                        "constraints": {
                            "required": true
                        }
                    },
                    {
                        "name": "Old Road Name",
                        "type": "string",
                        "format": "default",
                        "trueValues": [
                            "true",
                            "True",
                            "TRUE",
                            "1"
                        ],
                        "falseValues": [
                            "false",
                            "False",
                            "FALSE",
                            "0"
                        ],
                        "decimalChar": ".",
                        "groupChar": "",
                        "bareNumber": true,
                        "title": "Old Road Name",
                        "description": "This is the original name of the road",
                        "constraints": {
                            "required": true
                        }
                    },
                    {
                        "name": "Notes",
                        "type": "string",
                        "format": "default",
                        "trueValues": [
                            "true",
                            "True",
                            "TRUE",
                            "1"
                        ],
                        "falseValues": [
                            "false",
                            "False",
                            "FALSE",
                            "0"
                        ],
                        "decimalChar": ".",
                        "groupChar": "",
                        "bareNumber": true,
                        "title": "Notes",
                        "description": "Notes describing where the road is located"
                    }
                ],
                "missingValues": [
                    ""
                ],
                "primaryKey": [
                    "Id"
                ]
            },
            "format": "csv",
            "mediatype": "text/csv",
            "dialect": {
                "delimiter": ",",
                "doubleQuote": true,
                "lineTerminator": "\r\n",
                "quoteChar": "\"",
                "skipInitialSpace": true,
                "header": true,
                "caseSensitiveHeader": false
            },
            "licenses": [
                {
                    "name": "CC-BY-4.0",
                    "title": "Creative Commons Attribution 4.0",
                    "path": "https://creativecommons.org/licenses/by/4.0/"
                }
            ],
            "name": "road-names",
            "title": "Road Names",
            "description": "The new and old road names of roads within the Toowong Cemetry",
            "primaryKeys": [
                "Id"
            ],
            "path": "data/road-names.csv"
        }
    ],
    "licenses": [
        {
            "name": "CC-BY-4.0",
            "title": "Creative Commons Attribution 4.0",
            "path": "https://creativecommons.org/licenses/by/4.0/"
        }
    ],
    "name": "toowong-cemetery-road-names",
    "title": "Toowong Cemetery Road Names",
    "description": "The old and new names of roads within Toowong Cemetery",
    "version": "1.0.0"
}