{
    "profile": "tabular-data-package",
    "resources": [
        {
            "profile": "tabular-data-resource",
            "encoding": "utf-8",
            "schema": {
                "fields": [
                    {
                        "name": "Given Names",
                        "type": "string",
                        "format": "default",
                        "trueValues": [
                            "true",
                            "True",
                            "TRUE",
                            "1"
                        ],
                        "falseValues": [
                            "false",
                            "False",
                            "FALSE",
                            "0"
                        ],
                        "decimalChar": ".",
                        "groupChar": "",
                        "bareNumber": true,
                        "description": "The Given Name(s) of the person interred at Toowong Cemetery",
                        "constraints": {
                            "required": true
                        }
                    },
                    {
                        "name": "Last Name",
                        "type": "string",
                        "format": "default",
                        "trueValues": [
                            "true",
                            "True",
                            "TRUE",
                            "1"
                        ],
                        "falseValues": [
                            "false",
                            "False",
                            "FALSE",
                            "0"
                        ],
                        "decimalChar": ".",
                        "groupChar": "",
                        "bareNumber": true,
                        "description": "The Last Name of the person interred at Toowong Cemetery",
                        "constraints": {
                            "required": true
                        }
                    },
                    {
                        "name": "Born",
                        "type": "date",
                        "format": "default",
                        "trueValues": [
                            "true",
                            "True",
                            "TRUE",
                            "1"
                        ],
                        "falseValues": [
                            "false",
                            "False",
                            "FALSE",
                            "0"
                        ],
                        "decimalChar": ".",
                        "groupChar": "",
                        "bareNumber": true,
                        "description": "The date the person was born in yyyy-mm-dd format.\nyyyy indicates year is unknown. mm indicates month unknown. dd indicates day unknown.",
                        "constraints": {
                            "required": true
                        }
                    },
                    {
                        "name": "Died",
                        "type": "date",
                        "format": "default",
                        "trueValues": [
                            "true",
                            "True",
                            "TRUE",
                            "1"
                        ],
                        "falseValues": [
                            "false",
                            "False",
                            "FALSE",
                            "0"
                        ],
                        "decimalChar": ".",
                        "groupChar": "",
                        "bareNumber": true,
                        "description": "The date the person died in yyyy-mm-dd format.\nyyyy indicates year is unknown. mm indicates month unknown. dd indicates day unknown.",
                        "constraints": {
                            "required": true
                        }
                    },
                    {
                        "name": "Location",
                        "type": "string",
                        "format": "default",
                        "trueValues": [
                            "true",
                            "True",
                            "TRUE",
                            "1"
                        ],
                        "falseValues": [
                            "false",
                            "False",
                            "FALSE",
                            "0"
                        ],
                        "decimalChar": ".",
                        "groupChar": "",
                        "bareNumber": true,
                        "description": "Portion-Section-Grave format, except for Mount Blackall.",
                        "constraints": {
                            "required": true
                        }
                    },
                    {
                        "name": "Link ",
                        "type": "string",
                        "format": "uri",
                        "trueValues": [
                            "true",
                            "True",
                            "TRUE",
                            "1"
                        ],
                        "falseValues": [
                            "false",
                            "False",
                            "FALSE",
                            "0"
                        ],
                        "decimalChar": ".",
                        "groupChar": "",
                        "bareNumber": true,
                        "description": "A link to the person's biography"
                    }
                ],
                "missingValues": [
                    ""
                ]
            },
            "format": "csv",
            "mediatype": "text/csv",
            "dialect": {
                "delimiter": ",",
                "doubleQuote": true,
                "lineTerminator": "\r\n",
                "quoteChar": "\"",
                "skipInitialSpace": true,
                "header": true,
                "caseSensitiveHeader": false
            },
            "isTableLocked": true,
            "licenses": [
                {
                    "name": "CC-BY-4.0",
                    "title": "Creative Commons Attribution 4.0",
                    "path": "https://creativecommons.org/licenses/by/4.0/"
                }
            ],
            "name": "biography-index",
            "path": "data/bioindex.csv"
        }
    ],
    "licenses": [
        {
            "name": "CC-BY-4.0",
            "title": "Creative Commons Attribution 4.0",
            "path": "https://creativecommons.org/licenses/by/4.0/"
        }
    ],
    "name": "friends-of-toowong-cemetery-biography-index",
    "title": "Friends of Toowong Cemetery Biography Index",
    "version": "0.1.0"
}